Original,Direct Evidence,0.338954468802698
Original,Level 1 Evidence,0.55716694772344
Original,Level 2 Evidence,0.591905564924115
Rand_1,Direct Evidence,0.0124789207419899
Rand_1,Level 1 Evidence,0.0168634064080944
Rand_1,Level 2 Evidence,0.0168634064080944
Rand_2,Direct Evidence,0.0104553119730185
Rand_2,Level 1 Evidence,0.0124789207419899
Rand_2,Level 2 Evidence,0.0124789207419899
Rand_3,Direct Evidence,0.0107925801011804
Rand_3,Level 1 Evidence,0.0128161888701518
Rand_3,Level 2 Evidence,0.0128161888701518
Rand_4,Direct Evidence,0.00573355817875211
Rand_4,Level 1 Evidence,0.00843170320404722
Rand_4,Level 2 Evidence,0.00843170320404722
Rand_5,Direct Evidence,0.0134907251264755
Rand_5,Level 1 Evidence,0.0165261382799325
Rand_5,Level 2 Evidence,0.0165261382799325
Rand_6,Direct Evidence,0.0124789207419899
Rand_6,Level 1 Evidence,0.0145025295109612
Rand_6,Level 2 Evidence,0.0145025295109612
Rand_7,Direct Evidence,0.009106239460371
Rand_7,Level 1 Evidence,0.0111298482293423
Rand_7,Level 2 Evidence,0.0111298482293423
Rand_8,Direct Evidence,0.00505902192242833
Rand_8,Level 1 Evidence,0.00843170320404722
Rand_8,Level 2 Evidence,0.00843170320404722
Rand_9,Direct Evidence,0.009106239460371
Rand_9,Level 1 Evidence,0.0118043844856661
Rand_9,Level 2 Evidence,0.0118043844856661
Rand_10,Direct Evidence,0.0124789207419899
Rand_10,Level 1 Evidence,0.0158516020236088
Rand_10,Level 2 Evidence,0.0158516020236088
Rand_11,Direct Evidence,0.00708263069139966
Rand_11,Level 1 Evidence,0.009106239460371
Rand_11,Level 2 Evidence,0.009106239460371
Rand_12,Direct Evidence,0.00978077571669477
Rand_12,Level 1 Evidence,0.0118043844856661
Rand_12,Level 2 Evidence,0.0118043844856661
Rand_13,Direct Evidence,0.009106239460371
Rand_13,Level 1 Evidence,0.0131534569983137
Rand_13,Level 2 Evidence,0.0131534569983137
Rand_14,Direct Evidence,0.0104553119730185
Rand_14,Level 1 Evidence,0.015177065767285
Rand_14,Level 2 Evidence,0.015177065767285
Rand_15,Direct Evidence,0.00438448566610455
Rand_15,Level 1 Evidence,0.00843170320404722
Rand_15,Level 2 Evidence,0.00843170320404722
Rand_16,Direct Evidence,0.00775716694772344
Rand_16,Level 1 Evidence,0.012141652613828
Rand_16,Level 2 Evidence,0.012141652613828
Rand_17,Direct Evidence,0.0134907251264755
Rand_17,Level 1 Evidence,0.018212478920742
Rand_17,Level 2 Evidence,0.018212478920742
Rand_18,Direct Evidence,0.00438448566610455
Rand_18,Level 1 Evidence,0.00809443507588533
Rand_18,Level 2 Evidence,0.00809443507588533
Rand_19,Direct Evidence,0.0104553119730185
Rand_19,Level 1 Evidence,0.0134907251264755
Rand_19,Level 2 Evidence,0.0134907251264755
Rand_20,Direct Evidence,0.0101180438448567
Rand_20,Level 1 Evidence,0.0118043844856661
Rand_20,Level 2 Evidence,0.0118043844856661
Rand_21,Direct Evidence,0.00843170320404722
Rand_21,Level 1 Evidence,0.0124789207419899
Rand_21,Level 2 Evidence,0.0124789207419899
Rand_22,Direct Evidence,0.00843170320404722
Rand_22,Level 1 Evidence,0.0104553119730185
Rand_22,Level 2 Evidence,0.0104553119730185
Rand_23,Direct Evidence,0.0131534569983137
Rand_23,Level 1 Evidence,0.0155143338954469
Rand_23,Level 2 Evidence,0.0155143338954469
Rand_24,Direct Evidence,0.00640809443507589
Rand_24,Level 1 Evidence,0.012141652613828
Rand_24,Level 2 Evidence,0.012141652613828
Rand_25,Direct Evidence,0.00775716694772344
Rand_25,Level 1 Evidence,0.00843170320404722
Rand_25,Level 2 Evidence,0.00843170320404722
Rand_26,Direct Evidence,0.00944350758853288
Rand_26,Level 1 Evidence,0.0141652613827993
Rand_26,Level 2 Evidence,0.0141652613827993
Rand_27,Direct Evidence,0.0114671163575042
Rand_27,Level 1 Evidence,0.0148397976391231
Rand_27,Level 2 Evidence,0.0148397976391231
Rand_28,Direct Evidence,0.00539629005059022
Rand_28,Level 1 Evidence,0.00876897133220911
Rand_28,Level 2 Evidence,0.00876897133220911
Rand_29,Direct Evidence,0.00640809443507589
Rand_29,Level 1 Evidence,0.0107925801011804
Rand_29,Level 2 Evidence,0.0107925801011804
Rand_30,Direct Evidence,0.00978077571669477
Rand_30,Level 1 Evidence,0.0124789207419899
Rand_30,Level 2 Evidence,0.0124789207419899
Rand_31,Direct Evidence,0.00809443507588533
Rand_31,Level 1 Evidence,0.0118043844856661
Rand_31,Level 2 Evidence,0.0118043844856661
Rand_32,Direct Evidence,0.0111298482293423
Rand_32,Level 1 Evidence,0.015177065767285
Rand_32,Level 2 Evidence,0.015177065767285
Rand_33,Direct Evidence,0.00674536256323777
Rand_33,Level 1 Evidence,0.0114671163575042
Rand_33,Level 2 Evidence,0.0114671163575042
Rand_34,Direct Evidence,0.012141652613828
Rand_34,Level 1 Evidence,0.0145025295109612
Rand_34,Level 2 Evidence,0.0145025295109612
Rand_35,Direct Evidence,0.00775716694772344
Rand_35,Level 1 Evidence,0.0118043844856661
Rand_35,Level 2 Evidence,0.0118043844856661
Rand_36,Direct Evidence,0.00876897133220911
Rand_36,Level 1 Evidence,0.0111298482293423
Rand_36,Level 2 Evidence,0.0111298482293423
Rand_37,Direct Evidence,0.0107925801011804
Rand_37,Level 1 Evidence,0.0141652613827993
Rand_37,Level 2 Evidence,0.0141652613827993
Rand_38,Direct Evidence,0.00505902192242833
Rand_38,Level 1 Evidence,0.00741989881956155
Rand_38,Level 2 Evidence,0.00741989881956155
Rand_39,Direct Evidence,0.009106239460371
Rand_39,Level 1 Evidence,0.0124789207419899
Rand_39,Level 2 Evidence,0.0124789207419899
Rand_40,Direct Evidence,0.00978077571669477
Rand_40,Level 1 Evidence,0.0141652613827993
Rand_40,Level 2 Evidence,0.0141652613827993
Rand_41,Direct Evidence,0.0124789207419899
Rand_41,Level 1 Evidence,0.015177065767285
Rand_41,Level 2 Evidence,0.015177065767285
Rand_42,Direct Evidence,0.0172006745362563
Rand_42,Level 1 Evidence,0.0188870151770658
Rand_42,Level 2 Evidence,0.0188870151770658
Rand_43,Direct Evidence,0.00370994940978078
Rand_43,Level 1 Evidence,0.00674536256323777
Rand_43,Level 2 Evidence,0.00674536256323777
Rand_44,Direct Evidence,0.00775716694772344
Rand_44,Level 1 Evidence,0.0118043844856661
Rand_44,Level 2 Evidence,0.0118043844856661
Rand_45,Direct Evidence,0.0128161888701518
Rand_45,Level 1 Evidence,0.0145025295109612
Rand_45,Level 2 Evidence,0.0145025295109612
Rand_46,Direct Evidence,0.00876897133220911
Rand_46,Level 1 Evidence,0.0101180438448567
Rand_46,Level 2 Evidence,0.0101180438448567
Rand_47,Direct Evidence,0.0128161888701518
Rand_47,Level 1 Evidence,0.0145025295109612
Rand_47,Level 2 Evidence,0.0145025295109612
Rand_48,Direct Evidence,0.012141652613828
Rand_48,Level 1 Evidence,0.0148397976391231
Rand_48,Level 2 Evidence,0.0148397976391231
Rand_49,Direct Evidence,0.00708263069139966
Rand_49,Level 1 Evidence,0.0134907251264755
Rand_49,Level 2 Evidence,0.0138279932546374
Rand_50,Direct Evidence,0.00843170320404722
Rand_50,Level 1 Evidence,0.012141652613828
Rand_50,Level 2 Evidence,0.012141652613828
Rand_51,Direct Evidence,0.00843170320404722
Rand_51,Level 1 Evidence,0.0118043844856661
Rand_51,Level 2 Evidence,0.0118043844856661
Rand_52,Direct Evidence,0.0111298482293423
Rand_52,Level 1 Evidence,0.015177065767285
Rand_52,Level 2 Evidence,0.015177065767285
Rand_53,Direct Evidence,0.00472175379426644
Rand_53,Level 1 Evidence,0.00876897133220911
Rand_53,Level 2 Evidence,0.00876897133220911
Rand_54,Direct Evidence,0.0101180438448567
Rand_54,Level 1 Evidence,0.0148397976391231
Rand_54,Level 2 Evidence,0.0148397976391231
Rand_55,Direct Evidence,0.00876897133220911
Rand_55,Level 1 Evidence,0.0111298482293423
Rand_55,Level 2 Evidence,0.0111298482293423
Rand_56,Direct Evidence,0.0101180438448567
Rand_56,Level 1 Evidence,0.0124789207419899
Rand_56,Level 2 Evidence,0.0124789207419899
Rand_57,Direct Evidence,0.0111298482293423
Rand_57,Level 1 Evidence,0.0161888701517707
Rand_57,Level 2 Evidence,0.0161888701517707
Rand_58,Direct Evidence,0.00573355817875211
Rand_58,Level 1 Evidence,0.00944350758853288
Rand_58,Level 2 Evidence,0.00944350758853288
Rand_59,Direct Evidence,0.0134907251264755
Rand_59,Level 1 Evidence,0.0165261382799325
Rand_59,Level 2 Evidence,0.0165261382799325
Rand_60,Direct Evidence,0.009106239460371
Rand_60,Level 1 Evidence,0.0148397976391231
Rand_60,Level 2 Evidence,0.0148397976391231
Rand_61,Direct Evidence,0.00573355817875211
Rand_61,Level 1 Evidence,0.00775716694772344
Rand_61,Level 2 Evidence,0.00775716694772344
Rand_62,Direct Evidence,0.0104553119730185
Rand_62,Level 1 Evidence,0.0148397976391231
Rand_62,Level 2 Evidence,0.0148397976391231
Rand_63,Direct Evidence,0.00674536256323777
Rand_63,Level 1 Evidence,0.0114671163575042
Rand_63,Level 2 Evidence,0.0114671163575042
Rand_64,Direct Evidence,0.00876897133220911
Rand_64,Level 1 Evidence,0.0124789207419899
Rand_64,Level 2 Evidence,0.0124789207419899
Rand_65,Direct Evidence,0.0107925801011804
Rand_65,Level 1 Evidence,0.0168634064080944
Rand_65,Level 2 Evidence,0.0168634064080944
Rand_66,Direct Evidence,0.00741989881956155
Rand_66,Level 1 Evidence,0.0114671163575042
Rand_66,Level 2 Evidence,0.0114671163575042
Rand_67,Direct Evidence,0.0101180438448567
Rand_67,Level 1 Evidence,0.015177065767285
Rand_67,Level 2 Evidence,0.015177065767285
Rand_68,Direct Evidence,0.00472175379426644
Rand_68,Level 1 Evidence,0.009106239460371
Rand_68,Level 2 Evidence,0.009106239460371
Rand_69,Direct Evidence,0.00708263069139966
Rand_69,Level 1 Evidence,0.0114671163575042
Rand_69,Level 2 Evidence,0.0114671163575042
Rand_70,Direct Evidence,0.00843170320404722
Rand_70,Level 1 Evidence,0.0124789207419899
Rand_70,Level 2 Evidence,0.0124789207419899
Rand_71,Direct Evidence,0.00978077571669477
Rand_71,Level 1 Evidence,0.0124789207419899
Rand_71,Level 2 Evidence,0.0124789207419899
Rand_72,Direct Evidence,0.00674536256323777
Rand_72,Level 1 Evidence,0.00978077571669477
Rand_72,Level 2 Evidence,0.00978077571669477
Rand_73,Direct Evidence,0.00944350758853288
Rand_73,Level 1 Evidence,0.0124789207419899
Rand_73,Level 2 Evidence,0.0124789207419899
Rand_74,Direct Evidence,0.00843170320404722
Rand_74,Level 1 Evidence,0.012141652613828
Rand_74,Level 2 Evidence,0.012141652613828
Rand_75,Direct Evidence,0.00944350758853288
Rand_75,Level 1 Evidence,0.0128161888701518
Rand_75,Level 2 Evidence,0.0128161888701518
Rand_76,Direct Evidence,0.00944350758853288
Rand_76,Level 1 Evidence,0.0104553119730185
Rand_76,Level 2 Evidence,0.0104553119730185
Rand_77,Direct Evidence,0.0111298482293423
Rand_77,Level 1 Evidence,0.0168634064080944
Rand_77,Level 2 Evidence,0.0168634064080944
Rand_78,Direct Evidence,0.0124789207419899
Rand_78,Level 1 Evidence,0.0168634064080944
Rand_78,Level 2 Evidence,0.0168634064080944
Rand_79,Direct Evidence,0.00944350758853288
Rand_79,Level 1 Evidence,0.0111298482293423
Rand_79,Level 2 Evidence,0.0111298482293423
Rand_80,Direct Evidence,0.009106239460371
Rand_80,Level 1 Evidence,0.012141652613828
Rand_80,Level 2 Evidence,0.012141652613828
Rand_81,Direct Evidence,0.0104553119730185
Rand_81,Level 1 Evidence,0.0138279932546374
Rand_81,Level 2 Evidence,0.0138279932546374
Rand_82,Direct Evidence,0.00539629005059022
Rand_82,Level 1 Evidence,0.0114671163575042
Rand_82,Level 2 Evidence,0.0114671163575042
Rand_83,Direct Evidence,0.00843170320404722
Rand_83,Level 1 Evidence,0.0107925801011804
Rand_83,Level 2 Evidence,0.0107925801011804
Rand_84,Direct Evidence,0.0111298482293423
Rand_84,Level 1 Evidence,0.0131534569983137
Rand_84,Level 2 Evidence,0.0131534569983137
Rand_85,Direct Evidence,0.0101180438448567
Rand_85,Level 1 Evidence,0.0155143338954469
Rand_85,Level 2 Evidence,0.0155143338954469
Rand_86,Direct Evidence,0.0104553119730185
Rand_86,Level 1 Evidence,0.0128161888701518
Rand_86,Level 2 Evidence,0.0128161888701518
Rand_87,Direct Evidence,0.00843170320404722
Rand_87,Level 1 Evidence,0.0128161888701518
Rand_87,Level 2 Evidence,0.0128161888701518
Rand_88,Direct Evidence,0.006070826306914
Rand_88,Level 1 Evidence,0.00843170320404722
Rand_88,Level 2 Evidence,0.00843170320404722
Rand_89,Direct Evidence,0.00775716694772344
Rand_89,Level 1 Evidence,0.0138279932546374
Rand_89,Level 2 Evidence,0.0138279932546374
Rand_90,Direct Evidence,0.0101180438448567
Rand_90,Level 1 Evidence,0.0134907251264755
Rand_90,Level 2 Evidence,0.0134907251264755
Rand_91,Direct Evidence,0.0101180438448567
Rand_91,Level 1 Evidence,0.0145025295109612
Rand_91,Level 2 Evidence,0.0145025295109612
Rand_92,Direct Evidence,0.009106239460371
Rand_92,Level 1 Evidence,0.00978077571669477
Rand_92,Level 2 Evidence,0.00978077571669477
Rand_93,Direct Evidence,0.0107925801011804
Rand_93,Level 1 Evidence,0.0141652613827993
Rand_93,Level 2 Evidence,0.0141652613827993
Rand_94,Direct Evidence,0.0101180438448567
Rand_94,Level 1 Evidence,0.0114671163575042
Rand_94,Level 2 Evidence,0.0114671163575042
Rand_95,Direct Evidence,0.00876897133220911
Rand_95,Level 1 Evidence,0.012141652613828
Rand_95,Level 2 Evidence,0.012141652613828
Rand_96,Direct Evidence,0.009106239460371
Rand_96,Level 1 Evidence,0.0114671163575042
Rand_96,Level 2 Evidence,0.0114671163575042
Rand_97,Direct Evidence,0.00944350758853288
Rand_97,Level 1 Evidence,0.012141652613828
Rand_97,Level 2 Evidence,0.012141652613828
Rand_98,Direct Evidence,0.00775716694772344
Rand_98,Level 1 Evidence,0.0101180438448567
Rand_98,Level 2 Evidence,0.0101180438448567
Rand_99,Direct Evidence,0.00843170320404722
Rand_99,Level 1 Evidence,0.0111298482293423
Rand_99,Level 2 Evidence,0.0111298482293423
Rand_100,Direct Evidence,0.009106239460371
Rand_100,Level 1 Evidence,0.0131534569983137
Rand_100,Level 2 Evidence,0.0131534569983137
